2026-01-27 14:47:00,__main__,__system__,"Started service!"
2026-01-27 14:47:54,__main__,__system__,"Started service!"
2026-01-27 22:10:27,__main__,__system__,"Started service!"
2026-01-27 22:18:17,__main__,__system__,"Starting service..."
2026-01-27 22:18:17,__main__,__system__,"Fatal error: Updater.start_polling() got an unexpected keyword argument 'drop_pending_updates'"
2026-01-27 22:21:38,__main__,__system__,"Starting service..."
2026-01-27 22:21:39,__main__,__system__,"Started service!"
2026-01-28 00:31:31,__main__,__system__,"Starting service..."
2026-01-28 00:31:32,__main__,__system__,"Started service!"
2026-01-28 00:33:10,__main__,__system__,"Starting service..."
2026-01-28 00:33:11,__main__,__system__,"Started service!"
2026-01-28 02:25:58,__main__,__system__,"Starting service..."
2026-01-28 02:25:59,__main__,__system__,"Started service!"
2026-01-28 02:30:29,do_tip,@danny_utxo,"(4) sendmany > Error during RPC call: 500"
2026-01-28 02:34:24,do_tip,@danny_utxo,"(4) sendmany > Error during RPC call: 500"
2026-01-28 02:35:58,__main__,__system__,"Starting service..."
2026-01-28 02:35:58,__main__,__system__,"Started service!"
2026-01-28 02:36:06,do_tip,@danny_utxo,"(4) sendmany > Error during RPC call: 500"
2026-01-28 02:37:49,__main__,__system__,"Starting service..."
2026-01-28 02:37:49,__main__,__system__,"Started service!"
2026-01-28 02:39:54,__main__,__system__,"Starting service..."
2026-01-28 02:39:54,__main__,__system__,"Started service!"
2026-01-28 02:52:20,__main__,__system__,"Starting service..."
2026-01-28 02:52:21,__main__,__system__,"Started service!"
2026-01-28 03:03:17,__main__,__system__,"Starting service..."
2026-01-28 03:03:18,__main__,__system__,"Started service!"
2026-01-28 03:14:38,__main__,__system__,"Starting service..."
2026-01-28 03:14:39,__main__,__system__,"Started service!"
2026-01-28 03:19:07,__main__,__system__,"Starting service..."
2026-01-28 03:19:07,__main__,__system__,"Started service!"
2026-01-28 03:22:44,__main__,__system__,"Starting service..."
2026-01-28 03:22:44,__main__,__system__,"Started service!"
2026-01-28 07:58:02,rain,1257395543,"rain (1 over 2 members) handed to do_tip()"
2026-01-29 15:42:50,__main__,__system__,"Starting service..."
2026-01-29 15:42:51,__main__,__system__,"Started service!"
2026-01-29 16:13:12,__main__,__system__,"Starting service..."
2026-01-29 16:13:12,__main__,__system__,"Started service!"
2026-01-29 19:40:11,rain,5366431067,"rain (1 over 5 members) handed to do_tip()"
2026-02-22 06:08:58,__main__,__system__,"Starting service..."
2026-02-22 06:08:59,__main__,__system__,"Started service!"
2026-02-22 06:12:32,__main__,__system__,"Starting service..."
2026-02-22 06:12:32,__main__,__system__,"Started service!"
2026-02-22 06:13:26,__main__,__system__,"Starting service..."
2026-02-22 06:13:27,__main__,__system__,"Started service!"
2026-02-22 06:14:51,__main__,__system__,"Starting service..."
2026-02-22 06:14:51,__main__,__system__,"Started service!"
2026-02-22 06:19:32,__main__,__system__,"Starting service..."
2026-02-22 06:19:33,__main__,__system__,"Started service!"
2026-02-22 06:24:09,__main__,__system__,"Starting service..."
2026-02-22 06:24:09,__main__,__system__,"Started service!"
2026-02-22 06:25:40,__main__,__system__,"Starting service..."
2026-02-22 06:25:40,__main__,__system__,"Started service!"
2026-02-22 06:33:33,__main__,__system__,"Starting service..."
2026-02-22 06:33:33,__main__,__system__,"Started service!"
2026-02-22 06:36:20,__main__,__system__,"Starting service..."
2026-02-22 06:36:21,__main__,__system__,"Started service!"
2026-02-22 06:37:07,__main__,__system__,"Starting service..."
2026-02-22 06:37:07,__main__,__system__,"Started service!"
2026-02-22 06:39:27,__main__,__system__,"Starting service..."
2026-02-22 06:39:27,__main__,__system__,"Started service!"
2026-02-22 06:50:19,__main__,__system__,"Block announce enabled for chat_id -1003340859555"
2026-02-22 06:50:19,__main__,__system__,"Starting service..."
2026-02-22 06:50:19,__main__,__system__,"Started service!"
2026-02-22 06:55:50,__main__,__system__,"Block announce enabled for chat_id -1003340859555"
2026-02-22 06:55:50,__main__,__system__,"Starting service..."
2026-02-22 06:55:50,__main__,__system__,"Started service!"
2026-02-22 07:13:41,__main__,__system__,"Block announce enabled for chat_id -1003340859555"
2026-02-22 07:13:41,__main__,__system__,"Starting service..."
2026-02-22 07:13:41,__main__,__system__,"Started service!"
2026-02-22 07:25:06,__main__,__system__,"Starting service..."
2026-02-22 07:25:07,__main__,__system__,"Started service!"
2026-02-22 07:27:38,__main__,__system__,"Starting service..."
2026-02-22 07:27:39,__main__,__system__,"Started service!"
2026-02-22 07:32:41,__main__,__system__,"Starting service..."
2026-02-22 07:32:41,__main__,__system__,"Started service!"
2026-02-22 12:48:11,__main__,__system__,"Starting service..."
2026-02-22 12:48:11,__main__,__system__,"Started service!"
2026-02-22 12:54:53,__main__,__system__,"Starting service..."
2026-02-22 12:54:54,__main__,__system__,"Started service!"
2026-02-22 13:42:16,__main__,__system__,"Starting service..."
2026-02-22 13:42:17,__main__,__system__,"Started service!"
2026-02-22 13:51:35,__main__,__system__,"Starting service..."
2026-02-22 13:51:36,__main__,__system__,"Started service!"
2026-02-22 22:07:42,__main__,__system__,"Starting service..."
2026-02-22 22:07:43,__main__,__system__,"Started service!"
2026-03-02 04:13:38,__main__,__system__,"Starting service..."
2026-03-02 04:13:39,__main__,__system__,"Started service!"
2026-03-02 04:30:32,__main__,__system__,"Starting service..."
2026-03-02 04:30:32,__main__,__system__,"Started service!"
2026-03-02 04:33:06,__main__,__system__,"Starting service..."
2026-03-02 04:33:06,__main__,__system__,"Started service!"
2026-03-07 21:22:30,__main__,__system__,"Starting service..."
2026-03-07 21:22:31,__main__,__system__,"Started service!"
2026-03-07 21:28:57,__main__,__system__,"Starting service..."
2026-03-07 21:28:58,__main__,__system__,"Started service!"
2026-03-07 21:31:25,__main__,__system__,"Starting service..."
2026-03-07 21:31:26,__main__,__system__,"Started service!"
2026-03-07 21:39:43,__main__,__system__,"Starting service..."
2026-03-07 21:39:44,__main__,__system__,"Started service!"
2026-03-07 23:05:29,__main__,__system__,"Starting service..."
2026-03-07 23:05:29,__main__,__system__,"Started service!"
2026-03-07 23:07:27,__main__,__system__,"Starting service..."
2026-03-07 23:07:27,__main__,__system__,"Started service!"
2026-03-11 10:46:10,__main__,__system__,"Starting service..."
2026-03-11 10:46:10,__main__,__system__,"Started service!"
2026-03-11 10:52:40,__main__,__system__,"Starting service..."
2026-03-11 10:52:40,__main__,__system__,"Started service!"
2026-03-15 08:42:50,__main__,__system__,"Starting service..."
2026-03-15 08:42:50,__main__,__system__,"Started service!"
2026-03-15 08:44:21,__main__,__system__,"Starting service..."
2026-03-15 08:44:21,__main__,__system__,"Started service!"
2026-03-15 22:29:50,__main__,__system__,"Starting service..."
2026-03-15 22:29:51,__main__,__system__,"Started service!"
2026-03-18 19:27:14,__main__,__system__,"Starting service..."
2026-03-18 19:27:15,__main__,__system__,"Started service!"
2026-03-20 01:33:39,do_tip,@danny_utxo,"(4) listunspent > Not enough UTXOs for raw tip"
2026-03-21 06:28:40,__main__,__system__,"Starting service..."
2026-03-21 06:28:40,__main__,__system__,"Started service!"
